,MAE,RMSE,R2_Score
Linear Regression,3.1331437533160567,3.903448408249199,0.6510656056238564
Decision Tree,3.3912809805694417,4.815609263486109,0.4689329274910108
Random Forest,2.9194499535343703,3.907387568109394,0.6503609968994682
Gradient Boosting,2.8239081552084304,3.6394892287183307,0.6966613362625473
